[{"id":"c614cd91.81ed5","type":"tab","label":"Flow 1","disabled":false,"info":""},{"id":"ff4152ff.de039","type":"ui_gauge","z":"c614cd91.81ed5","name":"","group":"37de8fe8.46846","order":0,"width":0,"height":0,"gtype":"gage","title":"Temperatur","label":"units","format":"{{value}}","min":0,"max":"40","colors":["#00b500","#e6e600","#ca3838"],"seg1":"","seg2":"","x":570,"y":100,"wires":[]},{"id":"d58c324d.07ccc","type":"ui_gauge","z":"c614cd91.81ed5","name":"","group":"37de8fe8.46846","order":1,"width":0,"height":0,"gtype":"gage","title":"Luftfeuchte","label":"units","format":"{{value}}","min":"10","max":"80","colors":["#00b500","#5080ce","#ca3838"],"seg1":"","seg2":"","x":570,"y":160,"wires":[]},{"id":"a87cfe9c.5483c","type":"ui_gauge","z":"c614cd91.81ed5","name":"","group":"37de8fe8.46846","order":2,"width":0,"height":0,"gtype":"gage","title":"Luftdruck","label":"units","format":"{{value}}","min":0,"max":"1200","colors":["#00b500","#00e639","#ca3838"],"seg1":"","seg2":"","x":570,"y":240,"wires":[]},{"id":"6393a105.c77e8","type":"mqtt in","z":"c614cd91.81ed5","name":"","topic":"esp/bme280/temperature","qos":"2","datatype":"auto","broker":"6f6ed074.6ae5f","x":290,"y":100,"wires":[["ff4152ff.de039"]]},{"id":"add1e75.cdc2718","type":"mqtt in","z":"c614cd91.81ed5","name":"","topic":"esp/bme280/humidity","qos":"2","datatype":"auto","broker":"6f6ed074.6ae5f","x":280,"y":160,"wires":[["d58c324d.07ccc"]]},{"id":"ac89a491.7ae948","type":"mqtt in","z":"c614cd91.81ed5","name":"","topic":"esp/bme280/pressure","qos":"2","datatype":"auto","broker":"6f6ed074.6ae5f","x":280,"y":240,"wires":[["a87cfe9c.5483c"]]},{"id":"37de8fe8.46846","type":"ui_group","name":"Frankyhub MQTT BME280","tab":"53b8c8f9.cfbe48","order":1,"disp":true,"width":"6","collapse":false},{"id":"6f6ed074.6ae5f","type":"mqtt-broker","name":"","broker":"192.168.1.110","port":"1883","clientid":"","usetls":false,"compatmode":false,"keepalive":"60","cleansession":true,"birthTopic":"","birthQos":"0","birthPayload":"","closeTopic":"","closeQos":"0","closePayload":"","willTopic":"","willQos":"0","willPayload":""},{"id":"53b8c8f9.cfbe48","type":"ui_tab","name":"Frankyhub BME280 Dashboard","icon":"dashboard","order":2,"disabled":false,"hidden":false}]